model,variable,h,n,RMSE,CRPS,LogScore,country
RW,gdp_yoy,1,53,2.43,0.997,-3.068,US
RW,gdp_yoy,4,53,3.862,1.656,-2.96,US
RW,gdp_yoy,8,53,3.147,1.578,-2.617,US
RW,inflation_yoy,1,53,0.791,0.434,-1.223,US
RW,inflation_yoy,4,53,2.157,1.178,-2.288,US
RW,inflation_yoy,8,53,2.849,1.58,-2.556,US
RW,reer_yoy,1,53,3.079,1.775,-2.556,US
RW,reer_yoy,4,53,7.316,4.228,-3.434,US
RW,reer_yoy,8,53,7.409,4.313,-3.475,US
RW,y10,1,53,0.357,0.2,-0.4,US
RW,y10,4,53,0.872,0.506,-1.371,US
RW,y10,8,53,1.357,0.793,-1.902,US
RW,policy,1,53,0.397,0.209,-0.584,US
RW,policy,4,53,1.297,0.664,-1.921,US
RW,policy,8,53,2.062,1.142,-2.529,US
AR1,gdp_yoy,1,53,2.218,0.887,-3.045,US
AR1,gdp_yoy,4,53,2.993,1.226,-2.845,US
AR1,gdp_yoy,8,53,2.392,1.109,-2.653,US
AR1,inflation_yoy,1,53,0.83,0.445,-1.256,US
AR1,inflation_yoy,4,53,1.998,1.058,-2.517,US
AR1,inflation_yoy,8,53,2.258,1.207,-2.865,US
AR1,reer_yoy,1,53,2.978,1.725,-2.52,US
AR1,reer_yoy,4,53,5.962,3.438,-3.268,US
AR1,reer_yoy,8,53,5.652,3.207,-3.17,US
AR1,y10,1,53,0.368,0.206,-0.443,US
AR1,y10,4,53,0.904,0.545,-1.6,US
AR1,y10,8,53,1.345,0.84,-2.418,US
AR1,policy,1,53,0.412,0.214,-0.608,US
AR1,policy,4,53,1.309,0.672,-2.073,US
AR1,policy,8,53,2.005,1.119,-2.854,US
VAR_OLS,gdp_yoy,1,53,3.039,1.518,-5.159,US
VAR_OLS,gdp_yoy,4,53,3.993,2.171,-3.607,US
VAR_OLS,gdp_yoy,8,53,3.531,1.924,-3.097,US
VAR_OLS,inflation_yoy,1,53,1.431,0.788,-2.842,US
VAR_OLS,inflation_yoy,4,53,3.689,1.985,-5.058,US
VAR_OLS,inflation_yoy,8,53,3.31,1.935,-3.261,US
VAR_OLS,reer_yoy,1,53,5.95,2.907,-5.877,US
VAR_OLS,reer_yoy,4,53,8.211,4.923,-3.925,US
VAR_OLS,reer_yoy,8,53,10.438,6.092,-4.036,US
VAR_OLS,y10,1,53,0.638,0.37,-1.944,US
VAR_OLS,y10,4,53,1.518,0.934,-3.602,US
VAR_OLS,y10,8,53,2.218,1.375,-4.21,US
VAR_OLS,policy,1,53,0.701,0.385,-2.579,US
VAR_OLS,policy,4,53,2.339,1.439,-6.752,US
VAR_OLS,policy,8,53,4.199,2.712,-10.703,US
BVAR_noshock,gdp_yoy,1,53,2.233,0.904,-3.131,US
BVAR_noshock,gdp_yoy,4,53,2.881,1.279,-2.992,US
BVAR_noshock,gdp_yoy,8,53,2.369,1.11,-2.773,US
BVAR_noshock,inflation_yoy,1,53,0.823,0.439,-1.272,US
BVAR_noshock,inflation_yoy,4,53,1.99,1.036,-2.264,US
BVAR_noshock,inflation_yoy,8,53,2.299,1.191,-2.547,US
BVAR_noshock,reer_yoy,1,53,2.9,1.682,-2.507,US
BVAR_noshock,reer_yoy,4,53,5.801,3.332,-3.228,US
BVAR_noshock,reer_yoy,8,53,6.008,3.455,-3.26,US
BVAR_noshock,y10,1,53,0.362,0.205,-0.429,US
BVAR_noshock,y10,4,53,0.888,0.513,-1.397,US
BVAR_noshock,y10,8,53,1.374,0.804,-1.92,US
BVAR_noshock,policy,1,53,0.345,0.182,-0.409,US
BVAR_noshock,policy,4,53,1.192,0.602,-1.662,US
BVAR_noshock,policy,8,53,1.936,1.078,-2.333,US
BVAR,gdp_yoy,1,53,2.248,0.903,-3.568,US
BVAR,gdp_yoy,4,53,2.912,1.265,-2.903,US
BVAR,gdp_yoy,8,53,2.302,1.061,-2.718,US
BVAR,inflation_yoy,1,53,0.788,0.428,-1.222,US
BVAR,inflation_yoy,4,53,1.902,0.988,-2.378,US
BVAR,inflation_yoy,8,53,2.197,1.12,-2.633,US
BVAR,reer_yoy,1,53,2.838,1.628,-2.467,US
BVAR,reer_yoy,4,53,5.813,3.41,-3.318,US
BVAR,reer_yoy,8,53,5.786,3.355,-3.266,US
BVAR,y10,1,53,0.36,0.203,-0.43,US
BVAR,y10,4,53,0.852,0.495,-1.364,US
BVAR,y10,8,53,1.289,0.752,-1.866,US
BVAR,policy,1,53,0.351,0.183,-0.443,US
BVAR,policy,4,53,1.16,0.58,-1.683,US
BVAR,policy,8,53,1.861,1.032,-2.293,US
RW,gdp_yoy,1,53,5.98,1.965,-7.182,UK
RW,gdp_yoy,4,53,9.295,3.749,-5.492,UK
RW,gdp_yoy,8,53,8.308,4.002,-4.977,UK
RW,inflation_yoy,1,53,0.621,0.318,-1.057,UK
RW,inflation_yoy,4,53,2.156,1.199,-3.817,UK
RW,inflation_yoy,8,53,3.14,1.783,-4.547,UK
RW,reer_yoy,1,53,3.203,1.789,-2.593,UK
RW,reer_yoy,4,53,7.632,4.213,-3.507,UK
RW,reer_yoy,8,53,7.735,4.268,-3.494,UK
RW,y10,1,53,0.343,0.192,-0.383,UK
RW,y10,4,53,0.924,0.527,-1.67,UK
RW,y10,8,53,1.468,0.86,-2.39,UK
RW,policy,1,53,0.289,0.162,-0.339,UK
RW,policy,4,53,1.067,0.52,-1.748,UK
RW,policy,8,53,1.751,0.873,-2.478,UK
AR1,gdp_yoy,1,53,5.581,1.793,-7.595,UK
AR1,gdp_yoy,4,53,9.895,3.15,-6.51,UK
AR1,gdp_yoy,8,53,10.998,3.651,-7.324,UK
AR1,inflation_yoy,1,53,0.66,0.335,-1.182,UK
AR1,inflation_yoy,4,53,2.498,1.357,-5.271,UK
AR1,inflation_yoy,8,53,3.91,2.036,-6.95,UK
AR1,reer_yoy,1,53,3.103,1.724,-2.563,UK
AR1,reer_yoy,4,53,6.458,3.594,-3.395,UK
AR1,reer_yoy,8,53,6.163,3.467,-3.257,UK
AR1,y10,1,53,0.359,0.202,-0.464,UK
AR1,y10,4,53,1.013,0.604,-2.144,UK
AR1,y10,8,53,1.639,1.026,-3.57,UK
AR1,policy,1,53,0.305,0.168,-0.369,UK
AR1,policy,4,53,1.125,0.552,-1.923,UK
AR1,policy,8,53,1.848,0.938,-2.842,UK
VAR_OLS,gdp_yoy,1,53,11.458,3.887,-28.073,UK
VAR_OLS,gdp_yoy,4,53,175.832,29.55,-1375.292,UK
VAR_OLS,gdp_yoy,8,53,6320.034,874.998,-880034.397,UK
VAR_OLS,inflation_yoy,1,53,1.129,0.62,-5.278,UK
VAR_OLS,inflation_yoy,4,53,11.539,3.6,-153.852,UK
VAR_OLS,inflation_yoy,8,53,407.425,57.916,-96648.753,UK
VAR_OLS,reer_yoy,1,53,7.917,3.992,-7.012,UK
VAR_OLS,reer_yoy,4,53,55.671,17.701,-62.575,UK
VAR_OLS,reer_yoy,8,53,1973.529,279.402,-37336.505,UK
VAR_OLS,y10,1,53,0.832,0.423,-4.127,UK
VAR_OLS,y10,4,53,11.746,2.607,-239.113,UK
VAR_OLS,y10,8,53,441.797,62.321,-169100.881,UK
VAR_OLS,policy,1,53,0.814,0.435,-3.297,UK
VAR_OLS,policy,4,53,13.965,3.65,-290.724,UK
VAR_OLS,policy,8,53,529.287,76.237,-209883.54,UK
BVAR_noshock,gdp_yoy,1,53,5.498,1.767,-7.96,UK
BVAR_noshock,gdp_yoy,4,53,7.162,2.946,-7.518,UK
BVAR_noshock,gdp_yoy,8,53,6.048,2.799,-8.792,UK
BVAR_noshock,inflation_yoy,1,53,0.643,0.324,-1.079,UK
BVAR_noshock,inflation_yoy,4,53,2.163,1.168,-3.904,UK
BVAR_noshock,inflation_yoy,8,53,2.85,1.567,-4.968,UK
BVAR_noshock,reer_yoy,1,53,3.163,1.769,-2.632,UK
BVAR_noshock,reer_yoy,4,53,6.55,3.538,-3.453,UK
BVAR_noshock,reer_yoy,8,53,5.786,3.091,-3.203,UK
BVAR_noshock,y10,1,53,0.352,0.2,-0.422,UK
BVAR_noshock,y10,4,53,0.987,0.554,-1.724,UK
BVAR_noshock,y10,8,53,1.611,0.945,-2.523,UK
BVAR_noshock,policy,1,53,0.259,0.143,-0.177,UK
BVAR_noshock,policy,4,53,1.061,0.534,-1.54,UK
BVAR_noshock,policy,8,53,1.846,0.999,-2.253,UK
BVAR,gdp_yoy,1,53,5.51,1.778,-9.428,UK
BVAR,gdp_yoy,4,53,7.172,2.958,-6.943,UK
BVAR,gdp_yoy,8,53,5.898,2.715,-8.064,UK
BVAR,inflation_yoy,1,53,0.631,0.325,-1.061,UK
BVAR,inflation_yoy,4,53,2.135,1.166,-3.937,UK
BVAR,inflation_yoy,8,53,2.845,1.555,-4.772,UK
BVAR,reer_yoy,1,53,3.137,1.737,-2.577,UK
BVAR,reer_yoy,4,53,6.526,3.548,-3.441,UK
BVAR,reer_yoy,8,53,5.744,3.063,-3.207,UK
BVAR,y10,1,53,0.348,0.2,-0.456,UK
BVAR,y10,4,53,0.957,0.544,-1.721,UK
BVAR,y10,8,53,1.558,0.91,-2.577,UK
BVAR,policy,1,53,0.252,0.136,-0.131,UK
BVAR,policy,4,53,1.016,0.498,-1.521,UK
BVAR,policy,8,53,1.792,0.962,-2.289,UK
RW,gdp_yoy,1,53,2.927,1.168,-3.713,CA
RW,gdp_yoy,4,53,4.9,2.117,-3.53,CA
RW,gdp_yoy,8,53,4.869,2.456,-3.176,CA
RW,inflation_yoy,1,53,0.681,0.374,-1.061,CA
RW,inflation_yoy,4,53,1.826,1.012,-2.128,CA
RW,inflation_yoy,8,53,2.436,1.3,-2.407,CA
RW,reer_yoy,1,53,2.917,1.72,-2.617,CA
RW,reer_yoy,4,53,5.58,3.341,-3.287,CA
RW,reer_yoy,8,53,6.468,4.128,-3.562,CA
RW,y10,1,53,0.31,0.172,-0.313,CA
RW,y10,4,53,0.752,0.457,-1.36,CA
RW,y10,8,53,1.162,0.698,-1.933,CA
RW,policy,1,53,0.353,0.174,-0.427,CA
RW,policy,4,53,1.138,0.559,-1.975,CA
RW,policy,8,53,1.801,0.962,-2.679,CA
AR1,gdp_yoy,1,53,2.755,1.058,-3.877,CA
AR1,gdp_yoy,4,53,4.358,1.702,-3.818,CA
AR1,gdp_yoy,8,53,3.894,1.743,-3.701,CA
AR1,inflation_yoy,1,53,0.729,0.387,-1.125,CA
AR1,inflation_yoy,4,53,1.667,0.889,-2.543,CA
AR1,inflation_yoy,8,53,1.837,0.972,-2.943,CA
AR1,reer_yoy,1,53,2.75,1.626,-2.562,CA
AR1,reer_yoy,4,53,4.654,2.702,-3.02,CA
AR1,reer_yoy,8,53,5.116,2.941,-3.099,CA
AR1,y10,1,53,0.313,0.174,-0.344,CA
AR1,y10,4,53,0.778,0.486,-1.57,CA
AR1,y10,8,53,1.205,0.759,-2.401,CA
AR1,policy,1,53,0.364,0.178,-0.457,CA
AR1,policy,4,53,1.15,0.571,-2.178,CA
AR1,policy,8,53,1.743,0.93,-3.073,CA
VAR_OLS,gdp_yoy,1,53,4.478,2.052,-8.107,CA
VAR_OLS,gdp_yoy,4,53,6.617,3.127,-6.414,CA
VAR_OLS,gdp_yoy,8,53,4.858,2.883,-5.443,CA
VAR_OLS,inflation_yoy,1,53,1.43,0.753,-4.268,CA
VAR_OLS,inflation_yoy,4,53,2.926,1.52,-4.605,CA
VAR_OLS,inflation_yoy,8,53,2.994,1.582,-3.811,CA
VAR_OLS,reer_yoy,1,53,6.835,3.841,-4.57,CA
VAR_OLS,reer_yoy,4,53,11.46,6.472,-4.382,CA
VAR_OLS,reer_yoy,8,53,12.729,6.322,-4.122,CA
VAR_OLS,y10,1,53,0.568,0.319,-2.154,CA
VAR_OLS,y10,4,53,1.286,0.828,-3.864,CA
VAR_OLS,y10,8,53,1.804,1.112,-3.797,CA
VAR_OLS,policy,1,53,0.601,0.336,-2.456,CA
VAR_OLS,policy,4,53,2.164,1.248,-8.805,CA
VAR_OLS,policy,8,53,3.336,2.087,-10.011,CA
BVAR_noshock,gdp_yoy,1,53,2.703,1.022,-4.007,CA
BVAR_noshock,gdp_yoy,4,53,3.638,1.53,-3.838,CA
BVAR_noshock,gdp_yoy,8,53,3.348,1.621,-3.856,CA
BVAR_noshock,inflation_yoy,1,53,0.682,0.361,-1.073,CA
BVAR_noshock,inflation_yoy,4,53,1.619,0.852,-2.097,CA
BVAR_noshock,inflation_yoy,8,53,1.889,0.969,-2.405,CA
BVAR_noshock,reer_yoy,1,53,2.88,1.686,-2.59,CA
BVAR_noshock,reer_yoy,4,53,4.676,2.697,-3.047,CA
BVAR_noshock,reer_yoy,8,53,5.419,3.115,-3.168,CA
BVAR_noshock,y10,1,53,0.319,0.176,-0.349,CA
BVAR_noshock,y10,4,53,0.794,0.467,-1.445,CA
BVAR_noshock,y10,8,53,1.218,0.728,-1.989,CA
BVAR_noshock,policy,1,53,0.315,0.155,-0.297,CA
BVAR_noshock,policy,4,53,1.071,0.512,-1.81,CA
BVAR_noshock,policy,8,53,1.706,0.895,-2.457,CA
BVAR,gdp_yoy,1,53,2.706,1.026,-4.082,CA
BVAR,gdp_yoy,4,53,3.678,1.527,-3.729,CA
BVAR,gdp_yoy,8,53,3.25,1.578,-3.666,CA
BVAR,inflation_yoy,1,53,0.663,0.361,-1.067,CA
BVAR,inflation_yoy,4,53,1.59,0.842,-2.127,CA
BVAR,inflation_yoy,8,53,1.869,0.937,-2.329,CA
BVAR,reer_yoy,1,53,2.732,1.585,-2.503,CA
BVAR,reer_yoy,4,53,4.338,2.482,-2.934,CA
BVAR,reer_yoy,8,53,4.981,2.84,-3.052,CA
BVAR,y10,1,53,0.317,0.177,-0.458,CA
BVAR,y10,4,53,0.774,0.466,-1.483,CA
BVAR,y10,8,53,1.18,0.703,-2.022,CA
BVAR,policy,1,53,0.315,0.151,-0.355,CA
BVAR,policy,4,53,1.035,0.494,-1.828,CA
BVAR,policy,8,53,1.665,0.872,-2.47,CA
RW,gdp_yoy,1,53,2.788,1.201,-2.774,DE
RW,gdp_yoy,4,53,4.339,1.984,-2.984,DE
RW,gdp_yoy,8,53,4.125,2.188,-2.855,DE
RW,inflation_yoy,1,53,0.677,0.354,-1.126,DE
RW,inflation_yoy,4,53,1.994,1.041,-2.832,DE
RW,inflation_yoy,8,53,2.95,1.571,-3.569,DE
RW,reer_yoy,1,53,1.84,1.04,-2.038,DE
RW,reer_yoy,4,53,4.573,2.649,-2.957,DE
RW,reer_yoy,8,53,3.823,2.279,-2.884,DE
RW,y10,1,53,0.303,0.165,-0.249,DE
RW,y10,4,53,0.799,0.436,-1.437,DE
RW,y10,8,53,1.239,0.72,-2.05,DE
RW,policy,1,53,0.289,0.155,-0.303,DE
RW,policy,4,53,1.013,0.486,-1.713,DE
RW,policy,8,53,1.554,0.779,-2.29,DE
AR1,gdp_yoy,1,53,2.581,1.108,-2.731,DE
AR1,gdp_yoy,4,53,3.573,1.547,-2.826,DE
AR1,gdp_yoy,8,53,2.931,1.438,-2.614,DE
AR1,inflation_yoy,1,53,0.725,0.378,-1.265,DE
AR1,inflation_yoy,4,53,2.282,1.148,-4.104,DE
AR1,inflation_yoy,8,53,3.273,1.664,-6.247,DE
AR1,reer_yoy,1,53,1.779,1.005,-2.001,DE
AR1,reer_yoy,4,53,3.336,1.932,-2.651,DE
AR1,reer_yoy,8,53,2.615,1.489,-2.401,DE
AR1,y10,1,53,0.312,0.17,-0.297,DE
AR1,y10,4,53,0.847,0.47,-1.683,DE
AR1,y10,8,53,1.355,0.806,-2.628,DE
AR1,policy,1,53,0.295,0.156,-0.316,DE
AR1,policy,4,53,1.036,0.495,-1.805,DE
AR1,policy,8,53,1.597,0.799,-2.475,DE
VAR_OLS,gdp_yoy,1,53,3.536,1.78,-4.94,DE
VAR_OLS,gdp_yoy,4,53,5.841,3.086,-4.661,DE
VAR_OLS,gdp_yoy,8,53,4.446,2.409,-3.095,DE
VAR_OLS,inflation_yoy,1,53,0.936,0.548,-2.804,DE
VAR_OLS,inflation_yoy,4,53,3.258,1.795,-8.45,DE
VAR_OLS,inflation_yoy,8,53,3.604,1.803,-5.818,DE
VAR_OLS,reer_yoy,1,53,2.2,1.275,-2.342,DE
VAR_OLS,reer_yoy,4,53,6.1,3.707,-3.97,DE
VAR_OLS,reer_yoy,8,53,5.118,2.882,-3.101,DE
VAR_OLS,y10,1,53,0.516,0.298,-2.304,DE
VAR_OLS,y10,4,53,1.394,0.826,-4.098,DE
VAR_OLS,y10,8,53,2.242,1.244,-5.624,DE
VAR_OLS,policy,1,53,0.412,0.232,-0.764,DE
VAR_OLS,policy,4,53,2.185,1.323,-8.06,DE
VAR_OLS,policy,8,53,3.431,1.977,-10.585,DE
BVAR_noshock,gdp_yoy,1,53,2.587,1.111,-2.735,DE
BVAR_noshock,gdp_yoy,4,53,3.23,1.479,-2.801,DE
BVAR_noshock,gdp_yoy,8,53,2.915,1.473,-2.843,DE
BVAR_noshock,inflation_yoy,1,53,0.705,0.37,-1.157,DE
BVAR_noshock,inflation_yoy,4,53,2.007,1.039,-2.984,DE
BVAR_noshock,inflation_yoy,8,53,2.549,1.357,-4.072,DE
BVAR_noshock,reer_yoy,1,53,1.672,0.958,-1.985,DE
BVAR_noshock,reer_yoy,4,53,3.506,2.043,-2.703,DE
BVAR_noshock,reer_yoy,8,53,2.674,1.546,-2.453,DE
BVAR_noshock,y10,1,53,0.3,0.164,-0.239,DE
BVAR_noshock,y10,4,53,0.816,0.437,-1.435,DE
BVAR_noshock,y10,8,53,1.315,0.734,-2.171,DE
BVAR_noshock,policy,1,53,0.232,0.129,-0.115,DE
BVAR_noshock,policy,4,53,0.949,0.458,-1.466,DE
BVAR_noshock,policy,8,53,1.609,0.837,-2.124,DE
BVAR,gdp_yoy,1,53,2.605,1.112,-2.918,DE
BVAR,gdp_yoy,4,53,3.295,1.491,-2.836,DE
BVAR,gdp_yoy,8,53,2.864,1.444,-2.684,DE
BVAR,inflation_yoy,1,53,0.695,0.37,-1.268,DE
BVAR,inflation_yoy,4,53,1.976,1.029,-3.357,DE
BVAR,inflation_yoy,8,53,2.538,1.33,-4.377,DE
BVAR,reer_yoy,1,53,1.739,0.981,-1.989,DE
BVAR,reer_yoy,4,53,3.436,2.011,-2.687,DE
BVAR,reer_yoy,8,53,2.666,1.548,-2.43,DE
BVAR,y10,1,53,0.295,0.162,-0.308,DE
BVAR,y10,4,53,0.79,0.433,-1.387,DE
BVAR,y10,8,53,1.263,0.699,-2.119,DE
BVAR,policy,1,53,0.23,0.123,-0.07,DE
BVAR,policy,4,53,0.927,0.443,-1.416,DE
BVAR,policy,8,53,1.58,0.81,-2.082,DE
RW,gdp_yoy,1,31,1.132,0.654,-1.654,JP
RW,gdp_yoy,4,31,2.624,1.453,-2.46,JP
RW,gdp_yoy,8,31,3.091,1.787,-2.724,JP
RW,inflation_yoy,1,31,0.662,0.357,-1.063,JP
RW,inflation_yoy,4,31,1.505,0.844,-1.949,JP
RW,inflation_yoy,8,31,1.844,1.052,-2.083,JP
RW,reer_yoy,1,31,5.383,3.09,-3.112,JP
RW,reer_yoy,4,31,14.462,8.43,-4.156,JP
RW,reer_yoy,8,31,12.313,7.215,-3.999,JP
RW,y10,1,31,0.09,0.056,0.741,JP
RW,y10,4,31,0.216,0.127,-0.014,JP
RW,y10,8,31,0.316,0.185,-0.366,JP
RW,policy,1,31,0.021,0.016,1.928,JP
RW,policy,4,31,0.058,0.037,1.165,JP
RW,policy,8,31,0.097,0.059,0.763,JP
AR1,gdp_yoy,1,31,1.05,0.61,-1.588,JP
AR1,gdp_yoy,4,31,2.382,1.193,-2.357,JP
AR1,gdp_yoy,8,31,2.88,1.424,-2.613,JP
AR1,inflation_yoy,1,31,0.663,0.349,-1.098,JP
AR1,inflation_yoy,4,31,1.382,0.783,-2.269,JP
AR1,inflation_yoy,8,31,1.479,0.831,-2.375,JP
AR1,reer_yoy,1,31,5.376,3.09,-3.106,JP
AR1,reer_yoy,4,31,11.798,6.873,-4.087,JP
AR1,reer_yoy,8,31,8.558,4.783,-3.587,JP
AR1,y10,1,31,0.109,0.064,0.686,JP
AR1,y10,4,31,0.303,0.177,-0.243,JP
AR1,y10,8,31,0.484,0.297,-0.92,JP
AR1,policy,1,31,0.024,0.017,1.908,JP
AR1,policy,4,31,0.077,0.045,1.085,JP
AR1,policy,8,31,0.135,0.08,0.587,JP
VAR_OLS,gdp_yoy,1,31,1.7,0.948,-2.509,JP
VAR_OLS,gdp_yoy,4,31,4.557,2.815,-4.52,JP
VAR_OLS,gdp_yoy,8,31,4.291,2.555,-3.143,JP
VAR_OLS,inflation_yoy,1,31,0.722,0.441,-1.643,JP
VAR_OLS,inflation_yoy,4,31,1.929,1.148,-3.501,JP
VAR_OLS,inflation_yoy,8,31,2.707,1.657,-3.726,JP
VAR_OLS,reer_yoy,1,31,8.506,5.04,-4.118,JP
VAR_OLS,reer_yoy,4,31,22.311,13.082,-6.054,JP
VAR_OLS,reer_yoy,8,31,16.632,8.878,-4.323,JP
VAR_OLS,y10,1,31,0.226,0.134,-0.479,JP
VAR_OLS,y10,4,31,0.571,0.344,-1.897,JP
VAR_OLS,y10,8,31,0.727,0.436,-1.648,JP
VAR_OLS,policy,1,31,0.062,0.038,1.018,JP
VAR_OLS,policy,4,31,0.242,0.158,-2.834,JP
VAR_OLS,policy,8,31,0.408,0.265,-4.7,JP
BVAR_noshock,gdp_yoy,1,31,1.037,0.601,-1.551,JP
BVAR_noshock,gdp_yoy,4,31,2.65,1.355,-2.457,JP
BVAR_noshock,gdp_yoy,8,31,3.14,1.62,-2.712,JP
BVAR_noshock,inflation_yoy,1,31,0.631,0.335,-1.013,JP
BVAR_noshock,inflation_yoy,4,31,1.211,0.687,-1.835,JP
BVAR_noshock,inflation_yoy,8,31,1.364,0.755,-1.96,JP
BVAR_noshock,reer_yoy,1,31,5.479,3.191,-3.148,JP
BVAR_noshock,reer_yoy,4,31,12.178,7.143,-4.13,JP
BVAR_noshock,reer_yoy,8,31,9.072,5.06,-3.617,JP
BVAR_noshock,y10,1,31,0.106,0.062,0.72,JP
BVAR_noshock,y10,4,31,0.297,0.17,-0.201,JP
BVAR_noshock,y10,8,31,0.492,0.288,-0.68,JP
BVAR_noshock,policy,1,31,0.025,0.016,1.988,JP
BVAR_noshock,policy,4,31,0.082,0.048,1.027,JP
BVAR_noshock,policy,8,31,0.141,0.082,0.541,JP
BVAR,gdp_yoy,1,31,1.047,0.605,-1.558,JP
BVAR,gdp_yoy,4,31,2.705,1.388,-2.548,JP
BVAR,gdp_yoy,8,31,3.178,1.664,-2.739,JP
BVAR,inflation_yoy,1,31,0.637,0.343,-1.121,JP
BVAR,inflation_yoy,4,31,1.242,0.705,-1.911,JP
BVAR,inflation_yoy,8,31,1.395,0.784,-2.039,JP
BVAR,reer_yoy,1,31,5.377,3.117,-3.121,JP
BVAR,reer_yoy,4,31,12.702,7.661,-4.443,JP
BVAR,reer_yoy,8,31,9.127,5.135,-3.64,JP
BVAR,y10,1,31,0.111,0.063,0.719,JP
BVAR,y10,4,31,0.297,0.173,-0.261,JP
BVAR,y10,8,31,0.483,0.286,-0.698,JP
BVAR,policy,1,31,0.024,0.016,2.006,JP
BVAR,policy,4,31,0.081,0.048,1.037,JP
BVAR,policy,8,31,0.136,0.082,0.565,JP
